# frame,p1_mask,p2_mask,p1_x,p1_y,p1_vx,p1_vy,p1_aim,p1_phase,p1_ammo,p1_cooldown,p1_charge,p1_recovery,p1_damage,p1_pressure,p2_x,p2_y,p2_vx,p2_vy,p2_aim,p2_phase,p2_ammo,p2_cooldown,p2_charge,p2_recovery,p2_damage,p2_pressure
1,9,6,44200000,441b0000,3f3504f3,bf3504f3,00000000,0,3,0,0,0,0,0,44200000,42c80000,bf3504f3,3f3504f3,00000000,0,3,0,0,0,0,0
2,9,6,44202d41,441ad2bf,3fadc750,bfadc750,00000000,0,3,0,0,0,0,0,441fd2bf,42c96a0a,bfadc750,3fadc750,00000000,0,3,0,0,0,0,0
3,9,6,44208425,441a7bdb,3ffa62ce,bffa62ce,00000000,0,3,0,0,0,0,0,441f7bdb,42cc2127,bffa62ce,3ffa62ce,00000000,0,3,0,0,0,0,0
4,9,6,44210156,4419feaa,40206eb0,c0206eb0,00000000,0,3,0,0,0,0,0,441efeaa,42d00ab2,c0206eb0,40206eb0,00000000,0,3,0,0,0,0,0
5,9,6,4421a1c5,44195e3b,4040da45,c040da45,00000000,0,3,0,0,0,0,0,441e5e3b,42d50e28,c040da45,4040da45,00000000,0,3,0,0,0,0,0
6,9,6,4422629f,44189d61,405eade3,c05eade3,00000000,0,3,0,0,0,0,0,441d9d61,42db14fa,c05eade3,405eade3,00000000,0,3,0,0,0,0,0
7,9,6,4423414d,4417beb3,407a1ea8,c07a1ea8,00000000,0,3,0,0,0,0,0,441cbeb3,42e20a69,c07a1ea8,407a1ea8,00000000,0,3,0,0,0,0,0
8,9,6,44243b6c,4416c494,4089aeb8,c089aeb8,00000000,0,3,0,0,0,0,0,441bc494,42e9db5e,c089aeb8,4089aeb8,00000000,0,3,0,0,0,0,0
9,9,6,44254ec9,4415b137,40954b9a,c0954b9a,00000000,0,3,0,0,0,0,0,441ab137,42f2764a,c0954b9a,40954b9a,00000000,0,3,0,0,0,0,0
10,9,6,44267960,441486a0,409ffaa7,c09ffaa7,00000000,0,3,0,0,0,0,0,441986a0,42fbcb04,c09ffaa7,409ffaa7,00000000,0,3,0,0,0,0,0
11,9,6,4427b955,441346ab,40a9cee6,c0a9cee6,00000000,0,3,0,0,0,0,0,441846ab,4302e557,c0a9cee6,40a9cee6,00000000,0,3,0,0,0,0,0
12,9,6,44290cf3,4411f30d,40b2d9d8,c0b2d9d8,00000000,0,3,0,0,0,0,0,4416f30d,430833ce,c0b2d9d8,40b2d9d8,00000000,0,3,0,0,0,0,0
13,9,6,442a72a7,44108d59,40bb2b98,c0bb2b98,00000000,0,3,0,0,0,0,0,44158d59,430dca9d,c0bb2b98,40bb2b98,00000000,0,3,0,0,0,0,0
14,9,6,442be8fe,440f1702,40c2d2f7,c0c2d2f7,00000000,0,3,0,0,0,0,0,44141702,4313a3fa,c0c2d2f7,40c2d2f7,00000000,0,3,0,0,0,0,0
15,9,6,442d6ea4,440d915c,40c9dd96,c0c9dd96,00000000,0,3,0,0,0,0,0,4412915c,4319ba92,c0c9dd96,40c9dd96,00000000,0,3,0,0,0,0,0
16,8,4,442f025f,440bfda1,40d9b761,c0b9b761,00000000,0,3,0,0,0,0,0,4410fda1,4320097f,c0d9b761,40b9b761,00000000,0,3,0,0,0,0,0
17,8,4,4430b5ce,440a8a32,40e84c8d,c0aadbe9,00000000,0,3,0,0,0,0,0,440f4a32,4325d73a,c0e84c8d,40aadbe9,00000000,0,3,0,0,0,0,0
18,8,4,44328667,4409347a,40f5b711,c09d30b8,00000000,0,3,0,0,0,0,0,440d7999,432b2e19,c0f5b711,409d30b8,00000000,0,3,0,0,0,0,0
19,8,4,443471d5,4407fa19,41010769,c0909d76,00000000,0,3,0,0,0,0,0,440b8e2b,4330179f,c1010769,40909d76,00000000,0,3,0,0,0,0,0
20,8,4,443675f3,4406d8de,4106b4e6,c0850bbf,00000000,0,3,0,0,0,0,0,44098a0d,43349c8b,c106b4e6,40850bbf,00000000,0,3,0,0,0,0,0
21,8,4,443890c7,4405cec7,410bee1c,c074cdef,00000000,0,3,0,0,0,0,0,44076f39,4338c4e9,c10bee1c,4074cdef,00000000,0,3,0,0,0,0,0
22,8,4,443ac07f,4404d9f9,4110bc57,c0613857,00000000,0,3,0,0,0,0,0,44053f81,433c9821,c110bc57,40613857,00000000,0,3,0,0,0,0,0
23,8,4,443d0370,4403f8c1,41152827,c04f33d5,00000000,0,3,0,0,0,0,0,4402fc90,43401d02,c1152827,404f33d5,00000000,0,3,0,0,0,0,0
24,8,4,443f5811,4403298d,4119396c,c03ea054,00000000,0,3,0,0,0,0,0,4400a7ef,434359d1,c119396c,403ea054,00000000,0,3,0,0,0,0,0
25,8,4,4441bcf7,44026aed,411cf764,c02f604d,00000000,0,3,0,0,0,0,0,43fc8613,43465452,c11cf764,402f604d,00000000,0,3,0,0,0,0,0
26,8,4,444430d5,4401bb8d,41200000,c0215899,00000000,0,3,0,0,0,0,0,43f79e58,434911d3,c1200000,40215899,00000000,0,3,0,0,0,0,0
27,8,4,4446b0d5,44011a34,41200000,c014703b,00000000,0,3,0,0,0,0,0,43f29e58,434b9735,c1200000,4014703b,00000000,0,3,0,0,0,0,0
28,8,4,444930d5,440085c4,41200000,c0089036,00000000,0,3,0,0,0,0,0,43ed9e58,434de8f6,c1200000,40089036,00000000,0,3,0,0,0,0,0
29,8,4,444bb0d5,43fffa68,41200000,bffb46ca,00000000,0,3,0,0,0,0,0,43e89e58,43500b37,c1200000,3ffb46ca,00000000,0,3,0,0,0,0,0
30,8,4,444e30d5,43feff21,41200000,bfe72ca6,00000000,0,3,0,0,0,0,0,43e39e58,435201c5,c1200000,3fe72ca6,00000000,0,3,0,0,0,0,0
31,8,4,4450b0d5,43fe17f4,41200000,bfd4ae33,00000000,0,3,0,0,0,0,0,43de9e58,4353d01e,c1200000,3fd4ae33,00000000,0,3,0,0,0,0,0
32,8,4,445330d5,43fd4346,41200000,bfc3aa81,00000000,0,3,0,0,0,0,0,43d99e58,4355797a,c1200000,3fc3aa81,00000000,0,3,0,0,0,0,0
33,8,4,4455b0d5,43fc7f9b,41200000,bfb40344,00000000,0,3,0,0,0,0,0,43d49e58,435700cf,c1200000,3fb40344,00000000,0,3,0,0,0,0,0
34,8,4,445830d5,43fbcb98,41200000,bfa59c9b,00000000,0,3,0,0,0,0,0,43cf9e58,435868d6,c1200000,3fa59c9b,00000000,0,3,0,0,0,0,0
35,8,4,445ab0d5,43fb25fb,41200000,bf985ce1,00000000,0,3,0,0,0,0,0,43ca9e58,4359b40f,c1200000,3f985ce1,00000000,0,3,0,0,0,0,0
36,8,4,445d30d5,43fa8d9e,41200000,bf8c2c7d,00000000,0,3,0,0,0,0,0,43c59e58,435ae4c9,c1200000,3f8c2c7d,00000000,0,3,0,0,0,0,0
37,8,4,445fb0d5,43fa0172,41200000,bf80f5bb,00000000,0,3,0,0,0,0,0,43c09e58,435bfd22,c1200000,3f80f5bb,00000000,0,3,0,0,0,0,0
38,8,4,446230d5,43f9807c,41200000,bf6d4944,00000000,0,3,0,0,0,0,0,43bb9e58,435cff0d,c1200000,3f6d4944,00000000,0,3,0,0,0,0,0
39,8,4,4464b0d5,43f909d7,41200000,bf5a4da5,00000000,0,3,0,0,0,0,0,43b69e58,435dec56,c1200000,3f5a4da5,00000000,0,3,0,0,0,0,0
40,8,4,446730d5,43f89cb0,41200000,bf48d6cb,00000000,0,3,0,0,0,0,0,43b19e58,435ec6a4,c1200000,3f48d6cb,00000000,0,3,0,0,0,0,0
41,8,4,4469b0d5,43f83845,41200000,bf38c59c,00000000,0,3,0,0,0,0,0,43ac9e58,435f8f7b,c1200000,3f38c59c,00000000,0,3,0,0,0,0,0
42,8,4,446c30d5,43f7dbe2,41200000,bf29fd7b,00000000,0,3,0,0,0,0,0,43a79e58,43604841,c1200000,3f29fd7b,00000000,0,3,0,0,0,0,0
43,8,4,446eb0d5,43f786e3,41200000,bf1c6415,00000000,0,3,0,0,0,0,0,43a29e58,4360f23e,c1200000,3f1c6415,00000000,0,3,0,0,0,0,0
44,8,4,447130d5,43f738b1,41200000,bf0fe132,00000000,0,3,0,0,0,0,0,439d9e58,43618ea2,c1200000,3f0fe132,00000000,0,3,0,0,0,0,0
45,8,4,4473b0d5,43f6f0c0,41200000,bf045e8a,00000000,0,3,0,0,0,0,0,43989e58,43621e83,c1200000,3f045e8a,00000000,0,3,0,0,0,0,0
46,8,4,447630d5,43f6ae91,41200000,bef38f3c,00000000,0,3,0,0,0,0,0,43939e58,4362a2e2,c1200000,3ef38f3c,00000000,0,3,0,0,0,0,0
47,8,4,4478b0d5,43f671ad,41200000,bee01323,00000000,0,3,0,0,0,0,0,438e9e58,43631caa,c1200000,3ee01323,00000000,0,3,0,0,0,0,0
48,8,4,447b30d5,43f639a8,41200000,bece2616,00000000,0,3,0,0,0,0,0,43899e58,43638cb4,c1200000,3ece2616,00000000,0,3,0,0,0,0,0
49,8,4,447db0d5,43f6061e,41200000,bebda829,00000000,0,3,0,0,0,0,0,43849e58,4363f3c7,c1200000,3ebda829,00000000,0,3,0,0,0,0,0
50,8,4,4480186a,43f5d6b4,41200000,beae7bfd,00000000,0,3,0,0,0,0,0,437f3cb0,4364529b,c1200000,3eae7bfd,00000000,0,3,0,0,0,0,0
51,8,4,4481586a,43f5ab15,41200000,bea0868d,00000000,0,3,0,0,0,0,0,43753cb0,4364a9d9,c1200000,3ea0868d,00000000,0,3,0,0,0,0,0
52,8,4,4482986a,43f582f3,41200000,be93aefd,00000000,0,3,0,0,0,0,0,436b3cb0,4364fa1c,c1200000,3e93aefd,00000000,0,3,0,0,0,0,0
53,8,4,4483d86a,43f55e07,41200000,be87de6e,00000000,0,3,0,0,0,0,0,43613cb0,436543f3,c1200000,3e87de6e,00000000,0,3,0,0,0,0,0
54,8,4,4485186a,43f53c0f,41200000,be79ffac,00000000,0,3,0,0,0,0,0,43573cb0,436587e2,c1200000,3e79ffac,00000000,0,3,0,0,0,0,0
55,8,4,4486586a,43f51ccf,41200000,be65ffb3,00000000,0,3,0,0,0,0,0,434d3cb0,4365c662,c1200000,3e65ffb3,00000000,0,3,0,0,0,0,0
56,8,4,4487986a,43f5000f,41200000,be539953,00000000,0,3,0,0,0,0,0,43433cb0,4365ffe2,c1200000,3e539953,00000000,0,3,0,0,0,0,0
57,8,4,4488d86a,43f4e59c,41200000,be42abc7,00000000,0,3,0,0,0,0,0,43393cb0,436634c8,c1200000,3e42abc7,00000000,0,3,0,0,0,0,0
58,8,4,448a186a,43f4cd47,41200000,be3318ea,00000000,0,3,0,0,0,0,0,432f3cb0,43666573,c1200000,3e3318ea,00000000,0,3,0,0,0,0,0
59,8,4,448b586a,43f4b6e4,41200000,be24c500,00000000,0,3,0,0,0,0,0,43253cb0,43669239,c1200000,3e24c500,00000000,0,3,0,0,0,0,0
60,8,4,448c986a,43f4a24b,41200000,be179685,00000000,0,3,0,0,0,0,0,431b3cb0,4366bb6a,c1200000,3e179685,00000000,0,3,0,0,0,0,0
61,8,4,448dd86a,43f48f58,41200000,be0b7600,00000000,0,3,0,0,0,0,0,43113cb0,4366e150,c1200000,3e0b7600,00000000,0,3,0,0,0,0,0
62,8,4,448f186a,43f47de9,41200000,be004dd7,00000000,0,3,0,0,0,0,0,43073cb0,4367042e,c1200000,3e004dd7,00000000,0,3,0,0,0,0,0
63,8,4,4490586a,43f46ddf,41200000,bdec1459,00000000,0,3,0,0,0,0,0,42fa7960,43672441,c1200000,3dec1459,00000000,0,3,0,0,0,0,0
64,8,4,4491986a,43f45f1e,41200000,bdd93171,00000000,0,3,0,0,0,0,0,42e67960,436741c4,c1200000,3dd93171,00000000,0,3,0,0,0,0,0
65,8,4,4492d86a,43f4518b,41200000,bdc7d154,00000000,0,3,0,0,0,0,0,42d27960,43675cea,c1200000,3dc7d154,00000000,0,3,0,0,0,0,0
66,8,4,4494186a,43f4450e,41200000,bdb7d510,00000000,0,3,0,0,0,0,0,42be7960,436775e4,c1200000,3db7d510,00000000,0,3,0,0,0,0,0
67,8,4,4495586a,43f43991,41200000,bda9202e,00000000,0,3,0,0,0,0,0,42aa7960,43678cdf,c1200000,3da9202e,00000000,0,3,0,0,0,0,0
68,8,4,4496986a,43f42eff,41200000,bd9b987c,00000000,0,3,0,0,0,0,0,42967960,4367a203,c1200000,3d9b987c,00000000,0,3,0,0,0,0,0
69,8,4,4497d86a,43f42545,41200000,bd8f25e3,00000000,0,3,0,0,0,0,0,42827960,4367b576,c1200000,3d8f25e3,00000000,0,3,0,0,0,0,0
70,8,4,4499186a,43f41c53,41200000,bd83b237,00000000,0,3,0,0,0,0,0,425cf2c0,4367c75b,c1200000,3d83b237,00000000,0,3,0,0,0,0,0
71,8,4,449a586a,43f41418,41200000,bd725228,00000000,0,3,0,0,0,0,0,4234f2c0,4367d7d1,c1200000,3d725228,00000000,0,3,0,0,0,0,0
72,8,4,449b986a,43f40c85,41200000,bd5eef6d,00000000,0,3,0,0,0,0,0,420cf2c0,4367e6f6,c1200000,3d5eef6d,00000000,0,3,0,0,0,0,0
73,8,4,449cd86a,43f4058e,41200000,bd4d19b6,00000000,0,3,0,0,0,0,0,41c9e580,4367f4e5,c1200000,3d4d19b6,00000000,0,3,0,0,0,0,0
74,8,4,449e0000,43f3ff25,c0666666,bd3cb141,00000000,0,3,0,0,0,0,0,41800000,436801b7,40666666,3d3cb141,00000000,0,3,0,0,0,0,0
75,8,4,449d8ccd,43f3f93f,c013f7cf,bd2d98d6,00000000,0,3,0,0,0,0,0,419ccccd,43680d82,4013f7cf,3d2d98d6,00000000,0,3,0,0,0,0,0
76,8,4,449d42d1,43f3f3d2,bf9042da,bd1fb592,00000000,0,3,0,0,0,0,0,41af4bc7,4368185c,3f9042da,3d1fb592,00000000,0,3,0,0,0,0,0
77,8,4,449d1ec0,43f3eed4,bd170c40,bd12eeba,00000000,0,3,0,0,0,0,0,41b84ff5,43682257,3d170c40,3d12eeba,00000000,0,3,0,0,0,0,0
78,8,4,449d1d92,43f3ea3d,3f775093,bd072d8d,00000000,0,3,0,0,0,0,0,41b89b7b,43682b86,bf775093,3d072d8d,00000000,0,3,0,0,0,0,0
79,8,4,449d3c7c,43f3e604,3ff1c3c9,bcf8ba37,00000000,0,3,0,0,0,0,0,41b0e0f6,436833f9,bff1c3c9,3cf8ba37,00000000,0,3,0,0,0,0,0
80,8,4,449d78ed,43f3e221,402f3639,bce4d447,00000000,0,3,0,0,0,0,0,41a1c4b9,43683bbf,c02f3639,3ce4d447,00000000,0,3,0,0,0,0,0
81,8,4,449dd088,43f3de8e,406131e3,bcd285db,00000000,0,3,0,0,0,0,0,418bddf2,436842e6,c06131e3,3cd285db,00000000,0,3,0,0,0,0,0
82,8,4,449e0000,43f3db44,bf1e5bcc,bcc1ae59,00000000,0,3,0,0,0,0,0,41800000,4368497a,3f1e5bcc,3cc1ae59,00000000,0,3,0,0,0,0,0
83,8,4,449dec35,43f3d83d,3edc9ec6,bcb22fc3,00000000,0,3,0,0,0,0,0,4184f2de,43684f87,bedc9ec6,3cb22fc3,00000000,0,3,0,0,0,0,0
84,8,4,449df9ff,43f3d574,3fb2be1e,bca3ee80,00000000,0,3,0,0,0,0,0,41818063,43685518,bfb2be1e,3ca3ee80,00000000,0,3,0,0,0,0,0
85,8,4,449e0000,43f3d2e4,3eb71d10,bc96d12e,00000000,0,3,0,0,0,0,0,41800000,43685a37,beb71d10,3c96d12e,00000000,0,3,0,0,0,0,0
86,8,4,449e0000,43f3d089,3f55e246,bc8ac072,00000000,0,3,0,0,0,0,0,41800000,43685eee,bf55e246,3c8ac072,00000000,0,3,0,0,0,0,0
87,8,4,449e0000,43f3ce5e,3f1d9d08,bc7f4d9f,00000000,0,3,0,0,0,0,0,41800000,43686344,bf1d9d08,3c7f4d9f,00000000,0,3,0,0,0,0,0
88,8,4,449e0000,43f3cc5f,3f377f72,bc6ae103,00000000,0,3,0,0,0,0,0,41800000,43686741,bf377f72,3c6ae103,00000000,0,3,0,0,0,0,0
89,8,4,449e0000,43f3ca89,3f2b974c,bc5816b1,00000000,0,3,0,0,0,0,0,41800000,43686aed,bf2b974c,3c5816b1,00000000,0,3,0,0,0,0,0
90,8,4,449e0000,43f3c8d9,3f311172,bc46cd32,00000000,0,3,0,0,0,0,0,41800000,43686e4d,bf311172,3c46cd32,00000000,0,3,0,0,0,0,0
91,8,4,449e0000,43f3c74b,3f2e8c74,bc36e5be,00000000,0,3,0,0,0,0,0,41800000,43687168,bf2e8c74,3c36e5be,00000000,0,3,0,0,0,0,0
92,8,4,449e0000,43f3c5dd,3f2fb526,bc284401,00000000,0,3,0,0,0,0,0,41800000,43687444,bf2fb526,3c284401,00000000,0,3,0,0,0,0,0
93,8,4,449e0000,43f3c48c,3f2f2cac,bc1acded,00000000,0,3,0,0,0,0,0,41800000,436876e5,bf2f2cac,3c1acded,00000000,0,3,0,0,0,0,0
94,8,4,449e0000,43f3c356,3f2f6b74,bc0e6b88,00000000,0,3,0,0,0,0,0,41800000,43687950,bf2f6b74,3c0e6b88,00000000,0,3,0,0,0,0,0
95,8,4,449e0000,43f3c239,3f2f4e92,bc0306c5,00000000,0,3,0,0,0,0,0,41800000,43687b8a,bf2f4e92,3c0306c5,00000000,0,3,0,0,0,0,0
96,8,4,449e0000,43f3c133,3f2f5bdc,bbf116b2,00000000,0,3,0,0,0,0,0,41800000,43687d96,bf2f5bdc,3bf116b2,00000000,0,3,0,0,0,0,0
97,8,4,449e0000,43f3c042,3f2f55be,bbddcd33,00000000,0,3,0,0,0,0,0,41800000,43687f78,bf2f55be,3bddcd33,00000000,0,3,0,0,0,0,0
98,8,4,449e0000,43f3bf64,3f2f588f,bbcc0eb4,00000000,0,3,0,0,0,0,0,41800000,43688134,bf2f588f,3bcc0eb4,00000000,0,3,0,0,0,0,0
99,8,4,449e0000,43f3be98,3f2f5743,bbbbbb9c,00000000,0,3,0,0,0,0,0,41800000,436882cc,bf2f5743,3bbbbb9c,00000000,0,3,0,0,0,0,0
100,8,4,449e0000,43f3bddc,3f2f57dc,bbacb6d7,00000000,0,3,0,0,0,0,0,41800000,43688443,bf2f57dc,3bacb6d7,00000000,0,3,0,0,0,0,0
101,8,4,449e0000,43f3bd2f,3f2f5796,bb9ee5a7,00000000,0,3,0,0,0,0,0,41800000,4368859c,bf2f5796,3b9ee5a7,00000000,0,3,0,0,0,0,0
102,8,4,449e0000,43f3bc90,3f2f57b6,bb922f71,00000000,0,3,0,0,0,0,0,41800000,436886da,bf2f57b6,3b922f71,00000000,0,3,0,0,0,0,0
103,8,4,449e0000,43f3bbfe,3f2f57a7,bb867d91,00000000,0,3,0,0,0,0,0,41800000,436887fe,bf2f57a7,3b867d91,00000000,0,3,0,0,0,0,0
104,8,4,449e0000,43f3bb78,3f2f57ae,bb777667,00000000,0,3,0,0,0,0,0,41800000,4368890b,bf2f57ae,3b777667,00000000,0,3,0,0,0,0,0
105,8,4,449e0000,43f3bafc,3f2f57aa,bb63aa5f,00000000,0,3,0,0,0,0,0,41800000,43688a02,bf2f57aa,3b63aa5f,00000000,0,3,0,0,0,0,0
106,8,4,449e0000,43f3ba8a,3f2f57ac,bb5173c8,00000000,0,3,0,0,0,0,0,41800000,43688ae6,bf2f57ac,3b5173c8,00000000,0,3,0,0,0,0,0
107,8,4,449e0000,43f3ba21,3f2f57ac,bb40b233,00000000,0,3,0,0,0,0,0,41800000,43688bb7,bf2f57ac,3b40b233,00000000,0,3,0,0,0,0,0
108,8,4,449e0000,43f3b9c1,3f2f57ac,bb3147c9,00000000,0,3,0,0,0,0,0,41800000,43688c78,bf2f57ac,3b3147c9,00000000,0,3,0,0,0,0,0
109,8,4,449e0000,43f3b968,3f2f57ac,bb231915,00000000,0,3,0,0,0,0,0,41800000,43688d29,bf2f57ac,3b231915,00000000,0,3,0,0,0,0,0
110,8,4,449e0000,43f3b916,3f2f57ac,bb160cd6,00000000,0,3,0,0,0,0,0,41800000,43688dcc,bf2f57ac,3b160cd6,00000000,0,3,0,0,0,0,0
111,2,1,449e0000,43f3b8cb,bea150a9,3f7f75f4,00000000,0,3,0,0,0,0,0,41800000,43688e62,3ea150a9,bf7f75f4,00000000,0,3,0,0,0,0,0
112,2,1,449df5eb,43f43886,be9468ee,3ff5830f,00000000,0,3,0,0,0,0,0,41828543,43678eec,3e9468ee,bff5830f,00000000,0,3,0,0,0,0,0
113,2,1,449deca4,43f52e09,be88897f,4030ef7d,00000000,0,3,0,0,0,0,0,4184d6e7,4365a3e6,3e88897f,c030ef7d,00000000,0,3,0,0,0,0,0
114,2,1,449de41b,43f68fe8,be7b3a6f,4062c7da,00000000,0,3,0,0,0,0,0,4186f90d,4362e028,3e7b3a6f,c062c7da,00000000,0,3,0,0,0,0,0
115,2,1,449ddc41,43f85578,be672148,408851b1,00000000,0,3,0,0,0,0,0,4188ef82,435f5509,3e672148,c08851b1,00000000,0,3,0,0,0,0,0
116,2,1,449dd508,43fa76bf,be54a3bd,409d69e0,00000000,0,3,0,0,0,0,0,418abdc5,435b127b,3e54a3bd,c09d69e0,00000000,0,3,0,0,0,0,0
117,2,1,449dce63,43fcec66,be43a0e1,40b0d20c,00000000,0,3,0,0,0,0,0,418c670c,4356272c,3e43a0e1,c0b0d20c,00000000,0,3,0,0,0,0,0
118,2,1,449dc846,43ffafae,be33fa69,40c2acc4,00000000,0,3,0,0,0,0,0,418dee4e,4350a09c,3e33fa69,c0c2acc4,00000000,0,3,0,0,0,0,0
119,2,1,449dc2a6,44015d31,be259475,40d319d3,00000000,0,3,0,0,0,0,0,418f5643,434a8b36,3e259475,c0d319d3,00000000,0,3,0,0,0,0,0
120,2,1,449dbd79,44030365,be185562,40e00000,00000000,0,3,0,0,0,0,0,4190a16c,4343f267,3e185562,c0e00000,00000000,0,3,0,0,0,0,0
121,2,1,449db8b6,4404c365,be0c2598,40e00000,00000000,0,3,0,0,0,0,0,4191d217,433cf267,3e0c2598,c0e00000,00000000,0,3,0,0,0,0,0
122,2,1,449db455,44068365,be00ef63,40e00000,00000000,0,3,0,0,0,0,0,4192ea62,4335f267,3e00ef63,c0e00000,00000000,0,3,0,0,0,0,0
123,2,1,449db04e,44084365,bded3d98,40e00000,00000000,0,3,0,0,0,0,0,4193ec41,432ef267,3ded3d98,c0e00000,00000000,0,3,0,0,0,0,0
124,2,1,449dac99,440a0365,bdda42e8,40e00000,00000000,0,3,0,0,0,0,0,4194d97f,4327f267,3dda42e8,c0e00000,00000000,0,3,0,0,0,0,0
125,2,1,449da930,440bc365,bdc8ccea,40e00000,00000000,0,3,0,0,0,0,0,4195b3c2,4320f267,3dc8ccea,c0e00000,00000000,0,3,0,0,0,0,0
126,2,1,449da60d,440d8365,bdb8bc86,40e00000,00000000,0,3,0,0,0,0,0,41967c8f,4319f267,3db8bc86,c0e00000,00000000,0,3,0,0,0,0,0
127,2,1,449da32a,440f4365,bda9f51f,40e00000,00000000,0,3,0,0,0,0,0,4197354c,4312f267,3da9f51f,c0e00000,00000000,0,3,0,0,0,0,0
128,2,1,449da082,44110365,bd9c5c64,40e00000,00000000,0,3,0,0,0,0,0,4197df41,430bf267,3d9c5c64,c0e00000,00000000,0,3,0,0,0,0,0
129,2,1,449d9e11,4412c365,bd8fda1f,40e00000,00000000,0,3,0,0,0,0,0,41987b9d,4304f267,3d8fda1f,c0e00000,00000000,0,3,0,0,0,0,0
130,2,1,449d9bd2,44148365,bd845808,40e00000,00000000,0,3,0,0,0,0,0,41990b77,42fbe4ce,3d845808,c0e00000,00000000,0,3,0,0,0,0,0
131,2,1,449d99c1,44164365,bd738342,40e00000,00000000,0,3,0,0,0,0,0,41998fcf,42ede4ce,3d738342,c0e00000,00000000,0,3,0,0,0,0,0
132,2,1,449d97da,44180365,bd60081e,40e00000,00000000,0,3,0,0,0,0,0,419a0991,42dfe4ce,3d60081e,c0e00000,00000000,0,3,0,0,0,0,0
133,2,1,449d961a,4419c365,bd4e1bf3,40e00000,00000000,0,3,0,0,0,0,0,419a7995,42d1e4ce,3d4e1bf3,c0e00000,00000000,0,3,0,0,0,0,0
134,2,1,449d947e,441b8365,bd3d9ed6,40e00000,00000000,0,3,0,0,0,0,0,419ae0a3,42c3e4ce,3d3d9ed6,c0e00000,00000000,0,3,0,0,0,0,0
135,2,1,449d9303,441d4365,bd2e7369,40e00000,00000000,0,3,0,0,0,0,0,419b3f72,42b5e4ce,3d2e7369,c0e00000,00000000,0,3,0,0,0,0,0
136,2,1,449d91a6,441f0365,bd207ea8,40e00000,00000000,0,3,0,0,0,0,0,419b96ac,42a7e4ce,3d207ea8,c0e00000,00000000,0,3,0,0,0,0,0
137,2,1,449d9065,4420c365,bd13a7b9,40e00000,00000000,0,3,0,0,0,0,0,419be6eb,4299e4ce,3d13a7b9,c0e00000,00000000,0,3,0,0,0,0,0
138,2,1,449d8f3e,44228365,bd07d7bf,40e00000,00000000,0,3,0,0,0,0,0,419c30bf,428be4ce,3d07d7bf,c0e00000,00000000,0,3,0,0,0,0,0
139,2,1,449d8e2e,44244365,bcf9f360,40e00000,00000000,0,3,0,0,0,0,0,419c74ab,427bc99c,3cf9f360,c0e00000,00000000,0,3,0,0,0,0,0
140,2,1,449d8d34,44260365,bce5f463,40e00000,00000000,0,3,0,0,0,0,0,419cb328,425fc99c,3ce5f463,c0e00000,00000000,0,3,0,0,0,0,0
141,0,0,449d8c4e,4427c365,bcd38eeb,40ce147b,00000000,0,3,0,0,0,0,0,419ceca5,4243c99c,3cd38eeb,c0ce147b,00000000,0,3,0,0,0,0,0
142,0,0,449d8b7a,44295f8e,bcc2a235,40bd97f7,00000000,0,3,0,0,0,0,0,419d2189,422a070d,3cc2a235,c0bd97f7,00000000,0,3,0,0,0,0,0
143,0,0,449d8ab7,442adabe,bcb3101c,40ae6d17,00000000,0,3,0,0,0,0,0,419d5232,4212540e,3cb3101c,c0ae6d17,00000000,0,3,0,0,0,0,0
144,0,0,449d8a04,442c3798,bca4bce7,40a078d8,00000000,0,3,0,0,0,0,0,419d7ef6,41f90cd6,3ca4bce7,c0a078d8,00000000,0,3,0,0,0,0,0
145,0,0,449d895f,442d788a,bc978f12,4093a260,00000000,0,3,0,0,0,0,0,419da825,41d0eea0,3c978f12,c093a260,00000000,0,3,0,0,0,0,0
146,0,0,449d88c7,442e9fcf,bc8b6f25,4087d2d3,00000000,0,3,0,0,0,0,0,419dce09,41ac0608,3c8b6f25,c087d2d3,00000000,0,3,0,0,0,0,0
147,0,0,449d883c,442faf75,bc804789,4079ea51,00000000,0,3,0,0,0,0,0,419df0e5,418a1153,3c804789,c079ea51,00000000,0,3,0,0,0,0,0
148,0,0,449d87bc,44300000,bc6c08bf,bfe5ec0d,00000000,0,3,0,0,0,0,0,419e10f7,41800000,3c6c08bf,3fe5ec0d,00000000,0,3,0,0,0,0,0
149,0,0,449d8746,442f8d0a,bc5926c4,bfd3873f,00000000,0,3,0,0,0,0,0,419e2e78,418e5ec1,3c5926c4,3fd3873f,00000000,0,3,0,0,0,0,0
150,0,0,449d86d9,442f2346,bc47c781,bfc29b26,00000000,0,3,0,0,0,0,0,419e499d,419b9735,3c47c781,3fc29b26,00000000,0,3,0,0,0,0,0
151,0,0,449d8675,442ec1f8,bc37cc06,bfb3099e,00000000,0,3,0,0,0,0,0,419e6296,41a7c0e7,3c37cc06,3fb3099e,00000000,0,3,0,0,0,0,0
152,0,0,449d8619,442e6873,bc2917dd,bfa4b6ee,00000000,0,3,0,0,0,0,0,419e7990,41b2f181,3c2917dd,3fa4b6ee,00000000,0,3,0,0,0,0,0
153,0,0,449d85c4,442e1618,bc1b90d6,bf978993,00000000,0,3,0,0,0,0,0,419e8eb3,41bd3cf0,3c1b90d6,3f978993,00000000,0,3,0,0,0,0,0
154,0,0,449d8576,442dca53,bc0f1eda,bf8b6a17,00000000,0,3,0,0,0,0,0,419ea225,41c6b589,3c0f1eda,3f8b6a17,00000000,0,3,0,0,0,0,0
155,0,0,449d852e,442d849e,bc03abbe,bf8042e2,00000000,0,3,0,0,0,0,0,419eb409,41cf6c2a,3c03abbe,3f8042e2,00000000,0,3,0,0,0,0,0
156,0,0,449d84ec,442d447d,bbf2463f,bf6c002f,00000000,0,3,0,0,0,0,0,419ec47e,41d77058,3bf2463f,3f6c002f,00000000,0,3,0,0,0,0,0
157,0,0,449d84af,442d097d,bbdee478,bf591ee4,00000000,0,3,0,0,0,0,0,419ed3a2,41ded059,3bdee478,3f591ee4,00000000,0,3,0,0,0,0,0
158,0,0,449d8477,442cd335,bbcd0fa2,bf47c043,00000000,0,3,0,0,0,0,0,419ee190,41e59950,3bcd0fa2,3f47c043,00000000,0,3,0,0,0,0,0
159,0,0,449d8444,442ca145,bbbca7fc,bf37c55d,00000000,0,3,0,0,0,0,0,419eee61,41ebd752,3bbca7fc,3f37c55d,00000000,0,3,0,0,0,0,0
160,0,0,449d8415,442c7354,bbad904e,bf2911bc,00000000,0,3,0,0,0,0,0,419efa2b,41f1957d,3bad904e,3f2911bc,00000000,0,3,0,0,0,0,0
161,0,0,449d83ea,442c4910,bb9fadb9,bf1b8b32,00000000,0,3,0,0,0,0,0,419f0504,41f6de0b,3b9fadb9,3f1b8b32,00000000,0,3,0,0,0,0,0
162,0,0,449d83c2,442c222d,bb92e781,bf0f19a9,00000000,0,3,0,0,0,0,0,419f0eff,41fbba65,3b92e781,3f0f19a9,00000000,0,3,0,0,0,0,0
163,0,0,449d839d,442bfe67,bb8726e7,bf03a6f8,00000000,0,3,0,0,0,0,0,419f182d,42001999,3b8726e7,3f03a6f8,00000000,0,3,0,0,0,0,0
164,0,0,449d837b,442bdd7d,bb78adfb,bef23d77,00000000,0,3,0,0,0,0,0,419f209f,42022835,3b78adfb,3ef23d77,00000000,0,3,0,0,0,0,0
165,0,0,449d835c,442bbf35,bb64c906,bededc64,00000000,0,3,0,0,0,0,0,419f2864,42040cb0,3b64c906,3ededc64,00000000,0,3,0,0,0,0,0
166,0,0,449d833f,442ba359,bb527b81,becd0833,00000000,0,3,0,0,0,0,0,419f2f8a,4205ca69,3b527b81,3ecd0833,00000000,0,3,0,0,0,0,0
167,0,0,449d8325,442b89b8,bb41a4d3,bebca125,00000000,0,3,0,0,0,0,0,419f361e,42076479,3b41a4d3,3ebca125,00000000,0,3,0,0,0,0,0
168,0,0,449d830d,442b7224,bb322700,bead8a04,00000000,0,3,0,0,0,0,0,419f3c2b,4208ddbb,3b322700,3ead8a04,00000000,0,3,0,0,0,0,0
169,0,0,449d82f7,442b5c73,bb23e671,be9fa7ef,00000000,0,3,0,0,0,0,0,419f41bc,420a38cf,3b23e671,3e9fa7ef,00000000,0,3,0,0,0,0,0
170,0,0,449d82e3,442b487e,bb16c9c4,be92e22e,00000000,0,3,0,0,0,0,0,419f46db,420b781f,3b16c9c4,3e92e22e,00000000,0,3,0,0,0,0,0
171,0,0,449d82d0,442b3622,bb0ab9a0,be872202,00000000,0,3,0,0,0,0,0,419f4b91,420c9de3,3b0ab9a0,3e872202,00000000,0,3,0,0,0,0,0
172,0,0,449d82bf,442b253e,baff4112,be78a4fa,00000000,0,3,0,0,0,0,0,419f4fe7,420dac27,3aff4112,3e78a4fa,00000000,0,3,0,0,0,0,0
173,0,0,449d82af,442b15b4,baead577,be64c0bd,00000000,0,3,0,0,0,0,0,419f53e4,420ea4cc,3aead577,3e64c0bd,00000000,0,3,0,0,0,0,0
174,0,0,449d82a0,442b0768,bad80c12,be5273e1,00000000,0,3,0,0,0,0,0,419f578f,420f898d,3ad80c12,3e5273e1,00000000,0,3,0,0,0,0,0
175,0,0,449d8292,442afa41,bac6c36d,be419dcf,00000000,0,3,0,0,0,0,0,419f5aef,42105c01,3ac6c36d,3e419dcf,00000000,0,3,0,0,0,0,0
176,0,0,449d8286,442aee27,bab6dcc1,be32208b,00000000,0,3,0,0,0,0,0,419f5e0a,42111d9f,3ab6dcc1,3e32208b,00000000,0,3,0,0,0,0,0
177,0,0,449d827b,442ae305,baa83bbc,be23e080,00000000,0,3,0,0,0,0,0,419f60e5,4211cfc0,3aa83bbc,3e23e080,00000000,0,3,0,0,0,0,0
178,0,0,449d8270,442ad8c7,ba9ac651,be16c44d,00000000,0,3,0,0,0,0,0,419f6386,421273a0,3a9ac651,3e16c44d,00000000,0,3,0,0,0,0,0
179,0,0,449d8266,442acf5b,ba8e6488,be0ab499,00000000,0,3,0,0,0,0,0,419f65f1,42130a64,3a8e6488,3e0ab499,00000000,0,3,0,0,0,0,0
180,0,0,449d825d,442ac6b0,ba830054,bdff37d2,00000000,0,3,0,0,0,0,0,419f682b,42139519,3a830054,3dff37d2,00000000,0,3,0,0,0,0,0
