#global_frame,round,round_frame,p1_mask,p2_mask,p1_x,p1_y,p1_vx,p1_vy,p1_aim,p1_phase,p1_ammo,p1_ammo_recovery,p1_cooldown,p1_charge,p1_recovery,p1_damage,p1_pressure,p2_x,p2_y,p2_vx,p2_vy,p2_aim,p2_phase,p2_ammo,p2_ammo_recovery,p2_cooldown,p2_charge,p2_recovery,p2_damage,p2_pressure,score_one,score_two,result_round,result_winner,result_match_complete,event_flags,arrow_count,arrows(owner,kind,x,y,vx,vy,rotation)
0,1,1,16,0,43c80000,43b40000,00000000,00000000,00000000,1,2,0,12,0,0,0,0,445c0000,43b40000,00000000,00000000,00000000,0,3,0,0,0,0,0,0,0,0,0,0,0,64,1,1,0,43d40000,43b40000,41c00000,00000000,00000000
1,1,2,0,0,43c80000,43b40000,00000000,00000000,00000000,1,2,1,11,0,0,0,0,445c0000,43b40000,00000000,00000000,00000000,0,3,0,0,0,0,0,0,0,0,0,0,0,0,1,1,0,43e00000,43b40000,41c00000,00000000,00000000
2,1,3,0,0,43c80000,43b40000,00000000,00000000,00000000,1,2,2,10,0,0,0,0,445c0000,43b40000,00000000,00000000,00000000,0,3,0,0,0,0,0,0,0,0,0,0,0,0,1,1,0,43eb3333,43b40000,41b33333,00000000,00000000
3,1,4,0,0,43c80000,43b40000,00000000,00000000,00000000,1,2,3,9,0,0,0,0,445c0000,43b40000,00000000,00000000,00000000,0,3,0,0,0,0,0,0,0,0,0,0,0,0,1,1,0,43f5ae14,43b40000,41a7ae14,00000000,00000000
4,1,5,0,0,43c80000,43b40000,00000000,00000000,00000000,0,2,4,8,0,0,0,0,445c0000,43b40000,00000000,00000000,00000000,0,3,0,0,0,0,0,0,0,0,0,0,0,2048,0
5,1,6,0,0,43c80000,43b40000,00000000,00000000,00000000,0,2,5,7,0,0,0,0,445c0000,43b40000,00000000,00000000,00000000,0,3,0,0,0,0,0,0,0,0,0,0,0,0,0
6,1,7,0,0,43c80000,43b40000,00000000,00000000,00000000,0,2,6,6,0,0,0,0,445c0000,43b40000,00000000,00000000,00000000,0,3,0,0,0,0,0,0,0,0,0,0,0,0,0
7,1,8,0,0,43c80000,43b40000,00000000,00000000,00000000,0,2,7,5,0,0,0,0,445c0000,43b40000,00000000,00000000,00000000,0,3,0,0,0,0,0,0,0,0,0,0,0,0,0
8,1,9,0,0,43c80000,43b40000,00000000,00000000,00000000,0,2,8,4,0,0,0,0,445c0000,43b40000,00000000,00000000,00000000,0,3,0,0,0,0,0,0,0,0,0,0,0,0,0
9,1,10,0,0,43c80000,43b40000,00000000,00000000,00000000,0,2,9,3,0,0,0,0,445c0000,43b40000,00000000,00000000,00000000,0,3,0,0,0,0,0,0,0,0,0,0,0,0,0
10,1,11,0,0,43c80000,43b40000,00000000,00000000,00000000,0,2,10,2,0,0,0,0,445c0000,43b40000,00000000,00000000,00000000,0,3,0,0,0,0,0,0,0,0,0,0,0,0,0
11,1,12,0,0,43c80000,43b40000,00000000,00000000,00000000,0,2,11,1,0,0,0,0,445c0000,43b40000,00000000,00000000,00000000,0,3,0,0,0,0,0,0,0,0,0,0,0,0,0
